-- MySQL dump 10.13  Distrib 8.0.43, for Win64 (x86_64)
--
-- Host: localhost    Database: ecommerce
-- ------------------------------------------------------
-- Server version	9.4.0

/*!40101 SET @OLD_CHARACTER_SET_CLIENT=@@CHARACTER_SET_CLIENT */;
/*!40101 SET @OLD_CHARACTER_SET_RESULTS=@@CHARACTER_SET_RESULTS */;
/*!40101 SET @OLD_COLLATION_CONNECTION=@@COLLATION_CONNECTION */;
/*!50503 SET NAMES utf8 */;
/*!40103 SET @OLD_TIME_ZONE=@@TIME_ZONE */;
/*!40103 SET TIME_ZONE='+00:00' */;
/*!40014 SET @OLD_UNIQUE_CHECKS=@@UNIQUE_CHECKS, UNIQUE_CHECKS=0 */;
/*!40014 SET @OLD_FOREIGN_KEY_CHECKS=@@FOREIGN_KEY_CHECKS, FOREIGN_KEY_CHECKS=0 */;
/*!40101 SET @OLD_SQL_MODE=@@SQL_MODE, SQL_MODE='NO_AUTO_VALUE_ON_ZERO' */;
/*!40111 SET @OLD_SQL_NOTES=@@SQL_NOTES, SQL_NOTES=0 */;

--
-- Table structure for table `bairros`
--

DROP TABLE IF EXISTS `bairros`;
/*!40101 SET @saved_cs_client     = @@character_set_client */;
/*!50503 SET character_set_client = utf8mb4 */;
CREATE TABLE `bairros` (
  `id` int NOT NULL AUTO_INCREMENT,
  `nome` varchar(30) DEFAULT NULL,
  PRIMARY KEY (`id`),
  UNIQUE KEY `IX_Nome` (`nome`),
  KEY `IX_Id_Nome` (`id` DESC,`nome`)
) ENGINE=InnoDB AUTO_INCREMENT=3 DEFAULT CHARSET=utf8mb4 COLLATE=utf8mb4_0900_ai_ci;
/*!40101 SET character_set_client = @saved_cs_client */;

--
-- Dumping data for table `bairros`
--

LOCK TABLES `bairros` WRITE;
/*!40000 ALTER TABLE `bairros` DISABLE KEYS */;
INSERT INTO `bairros` VALUES (2,'Cabral'),(1,'Xaxim');
/*!40000 ALTER TABLE `bairros` ENABLE KEYS */;
UNLOCK TABLES;

--
-- Table structure for table `cidades`
--

DROP TABLE IF EXISTS `cidades`;
/*!40101 SET @saved_cs_client     = @@character_set_client */;
/*!50503 SET character_set_client = utf8mb4 */;
CREATE TABLE `cidades` (
  `id` int NOT NULL AUTO_INCREMENT,
  `nome` varchar(45) DEFAULT NULL,
  `estado` int DEFAULT '1',
  PRIMARY KEY (`id`),
  KEY `FK_Estado_idx` (`estado`),
  CONSTRAINT `FK_Estado` FOREIGN KEY (`estado`) REFERENCES `estados` (`id`)
) ENGINE=InnoDB AUTO_INCREMENT=5 DEFAULT CHARSET=utf8mb4 COLLATE=utf8mb4_0900_ai_ci;
/*!40101 SET character_set_client = @saved_cs_client */;

--
-- Dumping data for table `cidades`
--

LOCK TABLES `cidades` WRITE;
/*!40000 ALTER TABLE `cidades` DISABLE KEYS */;
INSERT INTO `cidades` VALUES (1,'Curitiba',1),(2,'Paranaguá',1),(3,'Paranavai',1),(4,'Passo Fundo',3);
/*!40000 ALTER TABLE `cidades` ENABLE KEYS */;
UNLOCK TABLES;

--
-- Table structure for table `clientes`
--

DROP TABLE IF EXISTS `clientes`;
/*!40101 SET @saved_cs_client     = @@character_set_client */;
/*!50503 SET character_set_client = utf8mb4 */;
CREATE TABLE `clientes` (
  `id` int NOT NULL AUTO_INCREMENT,
  `nome` varchar(100) DEFAULT NULL,
  `email` varchar(100) DEFAULT NULL,
  `cpf` char(11) NOT NULL,
  PRIMARY KEY (`id`),
  KEY `IX_Nome_Email` (`nome`,`email`)
) ENGINE=InnoDB AUTO_INCREMENT=5 DEFAULT CHARSET=utf8mb4 COLLATE=utf8mb4_0900_ai_ci;
/*!40101 SET character_set_client = @saved_cs_client */;

--
-- Dumping data for table `clientes`
--

LOCK TABLES `clientes` WRITE;
/*!40000 ALTER TABLE `clientes` DISABLE KEYS */;
INSERT INTO `clientes` VALUES (1,'João Silva','joao.silva@gmail.com','63525636541'),(2,'Maria Santos','maria.s@gmail.com','89625365425'),(4,'Pedro Oliveira','pedro@gmail.com','65425365425');
/*!40000 ALTER TABLE `clientes` ENABLE KEYS */;
UNLOCK TABLES;

--
-- Table structure for table `endereco`
--

DROP TABLE IF EXISTS `endereco`;
/*!40101 SET @saved_cs_client     = @@character_set_client */;
/*!50503 SET character_set_client = utf8mb4 */;
CREATE TABLE `endereco` (
  `id` int NOT NULL AUTO_INCREMENT,
  `rua` varchar(45) DEFAULT NULL,
  `bairro` int DEFAULT NULL,
  `cidade` int DEFAULT NULL,
  `cliente` int DEFAULT NULL,
  PRIMARY KEY (`id`),
  KEY `FK_Cliente_idx` (`cliente`),
  KEY `FK_Cidade_idx` (`cidade`),
  KEY `FK_Bairro_idx` (`bairro`),
  CONSTRAINT `FK_Bairro` FOREIGN KEY (`bairro`) REFERENCES `bairros` (`id`),
  CONSTRAINT `FK_Cidade` FOREIGN KEY (`cidade`) REFERENCES `cidades` (`id`),
  CONSTRAINT `FK_Cliente` FOREIGN KEY (`cliente`) REFERENCES `clientes` (`id`)
) ENGINE=InnoDB AUTO_INCREMENT=3 DEFAULT CHARSET=utf8mb4 COLLATE=utf8mb4_0900_ai_ci;
/*!40101 SET character_set_client = @saved_cs_client */;

--
-- Dumping data for table `endereco`
--

LOCK TABLES `endereco` WRITE;
/*!40000 ALTER TABLE `endereco` DISABLE KEYS */;
INSERT INTO `endereco` VALUES (1,'Rua a',1,1,1),(2,'Rua b',2,2,2);
/*!40000 ALTER TABLE `endereco` ENABLE KEYS */;
UNLOCK TABLES;

--
-- Table structure for table `estados`
--

DROP TABLE IF EXISTS `estados`;
/*!40101 SET @saved_cs_client     = @@character_set_client */;
/*!50503 SET character_set_client = utf8mb4 */;
CREATE TABLE `estados` (
  `id` int NOT NULL AUTO_INCREMENT,
  `nome` varchar(25) DEFAULT NULL,
  PRIMARY KEY (`id`),
  KEY `IX_Nome` (`nome`)
) ENGINE=InnoDB AUTO_INCREMENT=4 DEFAULT CHARSET=utf8mb4 COLLATE=utf8mb4_0900_ai_ci;
/*!40101 SET character_set_client = @saved_cs_client */;

--
-- Dumping data for table `estados`
--

LOCK TABLES `estados` WRITE;
/*!40000 ALTER TABLE `estados` DISABLE KEYS */;
INSERT INTO `estados` VALUES (1,'Paraná'),(3,'Rio Grande do Sul'),(2,'santa Catarina');
/*!40000 ALTER TABLE `estados` ENABLE KEYS */;
UNLOCK TABLES;

--
-- Table structure for table `item_pedido`
--

DROP TABLE IF EXISTS `item_pedido`;
/*!40101 SET @saved_cs_client     = @@character_set_client */;
/*!50503 SET character_set_client = utf8mb4 */;
CREATE TABLE `item_pedido` (
  `id` int NOT NULL AUTO_INCREMENT,
  `pedido` int DEFAULT NULL,
  `produto` int DEFAULT NULL,
  `quantidade` int DEFAULT NULL,
  `valor_unitario` decimal(8,2) DEFAULT NULL,
  PRIMARY KEY (`id`),
  KEY `Fk_Pedido_idx` (`pedido`),
  KEY `Fk_Produto_idx` (`produto`),
  CONSTRAINT `FK_Pedido` FOREIGN KEY (`pedido`) REFERENCES `pedidos` (`id`),
  CONSTRAINT `Fk_Produto` FOREIGN KEY (`produto`) REFERENCES `produtos` (`id`)
) ENGINE=InnoDB AUTO_INCREMENT=4 DEFAULT CHARSET=utf8mb4 COLLATE=utf8mb4_0900_ai_ci;
/*!40101 SET character_set_client = @saved_cs_client */;

--
-- Dumping data for table `item_pedido`
--

LOCK TABLES `item_pedido` WRITE;
/*!40000 ALTER TABLE `item_pedido` DISABLE KEYS */;
INSERT INTO `item_pedido` VALUES (1,1,1,10,25.00),(2,1,2,20,75.00),(3,3,2,500,60.00);
/*!40000 ALTER TABLE `item_pedido` ENABLE KEYS */;
UNLOCK TABLES;

--
-- Table structure for table `pedidos`
--

DROP TABLE IF EXISTS `pedidos`;
/*!40101 SET @saved_cs_client     = @@character_set_client */;
/*!50503 SET character_set_client = utf8mb4 */;
CREATE TABLE `pedidos` (
  `id` int NOT NULL AUTO_INCREMENT,
  `data` date NOT NULL,
  `cliente` int NOT NULL,
  PRIMARY KEY (`id`),
  KEY `FK_Cliente_Pedido_idx` (`cliente`),
  KEY `IX_Data` (`data`),
  CONSTRAINT `FK_Cliente_Pedido` FOREIGN KEY (`cliente`) REFERENCES `clientes` (`id`)
) ENGINE=InnoDB AUTO_INCREMENT=4 DEFAULT CHARSET=utf8mb4 COLLATE=utf8mb4_0900_ai_ci;
/*!40101 SET character_set_client = @saved_cs_client */;

--
-- Dumping data for table `pedidos`
--

LOCK TABLES `pedidos` WRITE;
/*!40000 ALTER TABLE `pedidos` DISABLE KEYS */;
INSERT INTO `pedidos` VALUES (1,'2023-04-06',1),(2,'2023-04-06',1),(3,'2023-01-15',2);
/*!40000 ALTER TABLE `pedidos` ENABLE KEYS */;
UNLOCK TABLES;

--
-- Table structure for table `produtos`
--

DROP TABLE IF EXISTS `produtos`;
/*!40101 SET @saved_cs_client     = @@character_set_client */;
/*!50503 SET character_set_client = utf8mb4 */;
CREATE TABLE `produtos` (
  `id` int NOT NULL AUTO_INCREMENT,
  `nome` varchar(100) DEFAULT NULL,
  PRIMARY KEY (`id`),
  KEY `IX_Nome` (`nome`)
) ENGINE=InnoDB AUTO_INCREMENT=5 DEFAULT CHARSET=utf8mb4 COLLATE=utf8mb4_0900_ai_ci;
/*!40101 SET character_set_client = @saved_cs_client */;

--
-- Dumping data for table `produtos`
--

LOCK TABLES `produtos` WRITE;
/*!40000 ALTER TABLE `produtos` DISABLE KEYS */;
INSERT INTO `produtos` VALUES (4,'Cadeira'),(1,'Mouse'),(2,'Teclado');
/*!40000 ALTER TABLE `produtos` ENABLE KEYS */;
UNLOCK TABLES;
/*!40103 SET TIME_ZONE=@OLD_TIME_ZONE */;

/*!40101 SET SQL_MODE=@OLD_SQL_MODE */;
/*!40014 SET FOREIGN_KEY_CHECKS=@OLD_FOREIGN_KEY_CHECKS */;
/*!40014 SET UNIQUE_CHECKS=@OLD_UNIQUE_CHECKS */;
/*!40101 SET CHARACTER_SET_CLIENT=@OLD_CHARACTER_SET_CLIENT */;
/*!40101 SET CHARACTER_SET_RESULTS=@OLD_CHARACTER_SET_RESULTS */;
/*!40101 SET COLLATION_CONNECTION=@OLD_COLLATION_CONNECTION */;
/*!40111 SET SQL_NOTES=@OLD_SQL_NOTES */;

-- Dump completed on 2025-08-14 20:33:50
